#{"t_start": 1584126944.1715174, "env_id": null}
r,l,t
-9.738095,12,4.41147
-9.761905,11,4.564845
-9.738095,12,4.706479
-0.714286,13,4.898069
-9.785714,10,5.022458
1.309524,14,5.188023
-9.809524,9,5.292911
-9.666667,15,5.453939
1.238095,11,5.59933
1.095238,5,5.660492
-9.642857,16,5.841121
1.119048,6,5.911731
-0.714286,13,6.082215
1.095238,5,6.171603
-0.761905,11,6.398542
-9.642857,16,6.637596
-9.761905,11,6.762246
1.309524,14,6.948686
1.285714,13,7.136103
1.142857,7,7.225267
1.190476,9,7.340298
-9.666667,15,7.530326
-9.809524,9,9.842182
1.190476,9,10.052675
1.095238,5,10.17677
-0.809524,9,10.402253
-0.928571,4,10.508707
-0.690476,14,10.808095
-0.785714,10,11.078126
-9.785714,10,11.30834
1.285714,13,11.617043
-9.833333,8,11.832464
-0.809524,9,12.098875
1.333333,15,12.440375
1.285714,13,12.748878
1.309524,14,13.126616
1.142857,7,13.368302
1.214286,10,13.669332
-0.761905,11,13.996492
1.119048,6,14.1649
-0.690476,14,14.639488
-9.619048,17,15.03314
-9.738095,12,15.265615
-0.833333,8,15.449612
1.119048,6,15.612765
1.309524,14,15.901161
1.119048,6,16.059362
1.142857,7,16.257035
-0.761905,11,17.689128
-9.785714,10,17.942044
-0.833333,8,18.146811
1.261905,12,18.407626
1.119048,6,18.501951
1.166667,8,18.632374
1.238095,11,18.820105
-0.809524,9,19.019126
1.095238,5,19.132661
-0.785714,10,19.345679
-0.880952,6,19.447651
-0.928571,4,19.52217
1.238095,11,19.698785
-0.738095,12,19.883049
1.214286,10,20.073679
1.190476,9,20.245219
1.214286,10,20.433741
1.214286,10,20.736696
-9.857143,7,20.861869
-9.714286,13,21.067999
1.214286,10,21.200979
1.285714,13,21.435211
1.261905,12,21.663682
1.071429,4,21.730574
1.214286,10,21.898805
1.357143,16,22.134056
1.190476,9,22.251437
1.309524,14,23.814146
1.238095,11,24.065457
1.285714,13,24.330334
-0.857143,7,24.529269
1.190476,9,24.716005
-9.714286,13,24.958309
1.261905,12,25.177285
-0.714286,13,25.430022
-0.857143,7,25.573348
1.261905,12,25.788746
1.166667,8,25.934906
-9.619048,17,26.267258
-9.666667,15,26.620576
-0.642857,16,26.99191
1.333333,15,27.270744
-0.785714,10,27.478104
-0.904762,5,27.580942
-0.904762,5,27.663327
1.142857,7,27.761861
-9.714286,13,28.052569
-9.785714,10,28.251396
-0.857143,7,28.40443
1.238095,11,28.60034
-9.690476,14,30.086954
-9.666667,15,30.378832
1.095238,5,30.497594
-9.738095,12,30.737171
1.285714,13,30.985766
-0.714286,13,31.225568
1.166667,8,31.385953
-0.928571,4,31.473591
-0.928571,4,31.563488
-9.738095,12,31.752402
-9.666667,15,31.97329
1.190476,9,32.114584
1.214286,10,32.269458
1.166667,8,32.40246
-9.785714,10,32.565719
-0.857143,7,32.723651
1.166667,8,32.909599
1.095238,5,33.030885
-9.761905,11,33.232467
1.190476,9,33.37818
-9.690476,14,33.59624
-0.809524,9,33.747004
1.261905,12,33.918451
1.285714,13,34.113398
-0.928571,4,34.192169
-0.809524,9,34.336426
-9.761905,11,34.488059
-9.690476,14,35.852002
-0.738095,12,36.07178
-0.857143,7,36.249427
1.142857,7,36.394903
-0.833333,8,36.581247
1.238095,11,36.780862
1.166667,8,36.931405
1.214286,10,37.100731
1.214286,10,37.247615
-9.785714,10,37.391277
-0.642857,16,37.71642
1.214286,10,37.911407
-9.690476,14,38.20853
1.190476,9,38.362469
-9.666667,15,38.582722
1.119048,6,38.678605
-0.857143,7,38.828627
1.214286,10,39.002585
1.190476,9,39.139246
-9.761905,11,39.318989
1.166667,8,39.472432
-9.761905,11,39.628156
-0.928571,4,39.699652
-9.785714,10,39.873103
-0.833333,8,40.035451
1.190476,9,40.21224
1.214286,10,41.568908
-9.738095,12,41.793253
1.166667,8,41.927997
-0.833333,8,42.062662
-9.738095,12,42.231394
1.261905,12,42.394589
1.238095,11,42.560014
-0.857143,7,42.676085
-0.904762,5,42.75272
-9.809524,9,42.89755
1.261905,12,43.215106
1.166667,8,43.36105
1.309524,14,43.600131
-9.738095,12,43.917172
1.142857,7,44.059087
-0.857143,7,44.235666
-0.785714,10,44.501967
1.238095,11,44.721365
1.238095,11,44.921117
1.261905,12,45.110982
-9.690476,14,45.332316
-9.642857,16,45.5719
1.238095,11,45.751616
1.309524,14,45.954774
-9.642857,16,47.271046
1.190476,9,47.429381
1.285714,13,47.645151
-0.738095,12,47.892041
1.261905,12,48.140095
1.142857,7,48.284544
1.214286,10,48.448221
1.095238,5,48.536159
-0.738095,12,48.725703
1.166667,8,48.867326
1.285714,13,49.091541
-9.666667,15,49.329463
-0.761905,11,49.499516
-0.833333,8,49.627148
-9.738095,12,49.790624
1.214286,10,49.96154
1.190476,9,50.133545
-9.761905,11,50.291114
1.166667,8,50.412986
1.119048,6,50.502254
1.285714,13,50.711608
1.071429,4,50.785301
-0.738095,12,51.034753
-0.666667,15,51.340479
1.166667,8,51.50788
-9.690476,14,52.878692
-9.833333,8,53.030659
1.309524,14,53.286472
1.333333,15,53.570992
-0.738095,12,53.74129
-0.785714,10,53.913656
1.309524,14,54.139827
-0.714286,13,54.334517
1.095238,5,54.425493
-0.785714,10,54.566706
1.166667,8,54.713082
1.214286,10,54.905379
1.166667,8,55.058288
-0.833333,8,55.198882
-0.785714,10,55.409432
1.309524,14,55.771303
-9.642857,16,56.163606
1.238095,11,56.397922
1.119048,6,56.534162
-0.833333,8,56.732112
1.071429,4,56.831629
-9.761905,11,57.035745
-0.904762,5,57.16005
1.214286,10,57.383333
1.333333,15,57.748156
1.261905,12,59.190001
1.261905,12,59.395087
-0.809524,9,59.557489
1.166667,8,59.709729
1.238095,11,59.919109
-0.880952,6,60.051228
-0.714286,13,60.290331
-9.785714,10,60.448999
-0.904762,5,60.535403
1.166667,8,60.684987
-0.785714,10,60.87649
-0.809524,9,61.064569
1.119048,6,61.202914
-0.833333,8,61.384053
-0.761905,11,61.611656
-9.738095,12,61.771004
-0.761905,11,61.974747
1.142857,7,62.122921
-0.833333,8,62.300196
1.095238,5,62.397147
1.214286,10,62.614767
-0.857143,7,62.796748
1.190476,9,62.974084
-0.785714,10,63.185101
1.190476,9,63.338158
1.190476,9,63.515513
1.261905,12,63.754709
1.166667,8,63.9121
1.261905,12,65.60035
1.238095,11,65.923156
1.190476,9,66.147035
1.238095,11,66.39419
1.285714,13,66.619268
1.238095,11,66.865116
1.190476,9,67.08378
-9.809524,9,67.273221
1.119048,6,67.422019
1.142857,7,67.566529
-0.761905,11,67.744947
-9.690476,14,67.944832
-0.857143,7,68.072195
1.071429,4,68.152312
-0.880952,6,68.296706
1.238095,11,68.560457
1.071429,4,68.664456
1.190476,9,68.886369
1.166667,8,69.103593
-0.809524,9,69.346699
1.333333,15,69.646693
1.261905,12,69.948536
1.285714,13,70.212148
-0.857143,7,70.385451
-9.690476,14,70.636426
-0.761905,11,70.84576
1.166667,8,72.318054
-9.738095,12,72.534142
1.214286,10,72.729698
-0.833333,8,72.888326
-0.928571,4,73.006427
-9.714286,13,73.35966
-9.666667,15,73.695276
1.214286,10,73.881093
1.214286,10,74.090616
1.095238,5,74.204421
1.261905,12,74.412483
-9.738095,12,74.591098
1.214286,10,74.732208
-0.785714,10,74.88665
1.166667,8,75.009884
-9.642857,16,75.22641
1.071429,4,75.327486
1.214286,10,75.515276
1.214286,10,75.684877
1.119048,6,75.779819
1.261905,12,75.962405
-0.928571,4,76.056735
-0.785714,10,76.211922
-0.785714,10,76.396889
-9.809524,9,76.584983
-0.904762,5,76.684771
-0.761905,11,76.917081
-9.690476,14,78.303744
-9.690476,14,78.56262
-9.666667,15,78.907709
-0.761905,11,79.204513
1.095238,5,79.33579
1.261905,12,79.579955
-9.833333,8,79.748098
1.261905,12,80.014461
-0.738095,12,80.305913
1.238095,11,80.576822
-9.714286,13,80.874599
1.261905,12,81.117377
-0.857143,7,81.282931
-0.928571,4,81.381093
-0.714286,13,81.651244
-0.833333,8,81.857137
1.214286,10,82.098208
1.166667,8,82.264683
1.190476,9,82.423524
1.190476,9,82.587986
-9.690476,14,82.852198
-9.690476,14,83.288193
-9.809524,9,83.479657
-9.785714,10,83.709132
-0.690476,14,85.064202
1.357143,16,85.40683
1.166667,8,85.596088
-9.761905,11,85.804452
1.095238,5,85.911778
-0.761905,11,86.123612
1.119048,6,86.251431
-0.738095,12,86.453113
1.119048,6,86.569769
1.166667,8,86.70272
1.261905,12,86.910198
1.214286,10,87.121461
1.166667,8,87.278311
1.142857,7,87.39733
-9.761905,11,87.566
-0.857143,7,87.698671
1.142857,7,87.834903
1.238095,11,88.0068
-9.738095,12,88.280243
-9.738095,12,88.503633
1.071429,4,88.582854
1.071429,4,88.665043
-0.738095,12,88.900771
1.285714,13,89.10812
-0.857143,7,89.264005
-0.785714,10,89.524609
1.380952,17,89.84183
1.119048,6,91.114041
-0.785714,10,91.360421
1.071429,4,91.469752
1.190476,9,91.661041
1.261905,12,91.909125
-9.738095,12,92.205663
-0.785714,10,92.411784
1.119048,6,92.539232
1.142857,7,92.690328
1.142857,7,92.839607
-9.809524,9,93.066792
1.261905,12,93.310746
-0.833333,8,93.453872
-0.880952,6,93.553041
-9.714286,13,93.728441
-0.761905,11,93.892658
-0.833333,8,94.050392
1.166667,8,94.18467
-0.785714,10,94.364966
1.214286,10,94.541925
-9.714286,13,94.725656
1.119048,6,94.82474
1.214286,10,94.963493
1.238095,11,95.137609
-0.761905,11,95.336373
1.214286,10,95.516129
-0.761905,11,95.877192
-0.833333,8,96.096022
-0.833333,8,97.324042
1.166667,8,97.464718
1.238095,11,97.649423
-0.785714,10,97.803658
-0.904762,5,97.888878
1.285714,13,98.095027
-0.857143,7,98.206695
1.166667,8,98.320539
-0.785714,10,98.483682
-9.738095,12,98.646163
1.071429,4,98.724844
1.166667,8,98.83668
1.190476,9,98.970549
-9.642857,16,99.182713
-9.738095,12,99.349783
1.238095,11,99.49772
1.071429,4,99.572863
1.190476,9,99.695641
1.166667,8,99.845452
1.071429,4,99.92597
1.238095,11,100.111237
1.214286,10,100.265459
1.119048,6,100.356491
-9.809524,9,100.480019
-9.595238,18,100.700041
1.238095,11,100.888964
-9.714286,13,101.117994
1.071429,4,102.359317
1.285714,13,102.586172
-0.785714,10,102.745175
1.238095,11,102.899264
-9.714286,13,103.099059
1.190476,9,103.250201
1.309524,14,103.489412
1.166667,8,103.658667
-0.785714,10,103.883873
-0.857143,7,104.022227
1.142857,7,104.130944
1.119048,6,104.235663
1.309524,14,104.439872
1.190476,9,104.64956
-0.833333,8,104.84136
1.238095,11,105.067331
-0.738095,12,105.285039
-0.785714,10,105.446817
1.071429,4,105.509758
-0.880952,6,105.603435
1.238095,11,105.931638
1.214286,10,106.159819
1.142857,7,106.337732
-9.666667,15,106.64253
1.333333,15,106.938045
-0.738095,12,107.214935
1.190476,9,108.609909
1.142857,7,108.759124
-9.761905,11,109.025875
-0.928571,4,109.195623
-9.690476,14,109.543523
1.142857,7,109.705247
1.238095,11,109.990335
1.095238,5,110.105648
-0.785714,10,110.325603
-0.857143,7,110.487928
1.190476,9,110.690297
-9.761905,11,110.99252
-0.690476,14,111.355982
1.142857,7,111.570606
1.285714,13,111.868352
1.285714,13,112.1817
-9.714286,13,112.535754
1.309524,14,112.865191
1.285714,13,113.196666
-0.809524,9,113.465505
1.214286,10,113.732431
1.285714,13,114.041332
1.214286,10,114.258664
1.166667,8,114.440672
-0.928571,4,114.577908
1.238095,11,114.903377
1.214286,10,116.543515
-9.785714,10,116.797037
1.261905,12,117.106378
-9.738095,12,117.377215
1.119048,6,117.521239
-0.738095,12,117.835209
1.166667,8,118.060401
1.238095,11,118.338594
-9.714286,13,118.634519
-0.761905,11,118.919318
-0.761905,11,119.176548
-0.928571,4,119.290966
-0.714286,13,119.581089
1.214286,10,119.827968
1.142857,7,120.022272
1.238095,11,120.290015
-0.738095,12,120.526761
-0.857143,7,120.665193
-0.785714,10,120.877747
1.190476,9,121.039404
1.071429,4,121.114085
1.238095,11,121.264395
-0.642857,16,121.50381
1.095238,5,121.597098
-0.785714,10,121.732311
-0.738095,12,121.940192
1.214286,10,123.410484
1.238095,11,123.609304
-0.904762,5,123.720352
-0.738095,12,123.981905
1.142857,7,124.159065
-0.714286,13,124.447971
1.238095,11,124.683086
1.095238,5,124.789351
1.119048,6,124.920906
-0.785714,10,125.142218
-0.880952,6,125.27273
1.166667,8,125.423564
-9.738095,12,125.651384
1.190476,9,125.841872
1.261905,12,126.08379
-0.928571,4,126.193723
1.214286,10,126.366587
1.285714,13,126.584521
1.190476,9,126.774357
-0.785714,10,126.986344
-0.761905,11,127.248546
1.142857,7,127.455762
-9.619048,17,127.78609
-0.761905,11,128.062705
1.261905,12,128.400819
-0.857143,7,128.615438
1.214286,10,130.182464
-0.761905,11,130.465954
1.309524,14,130.81943
-0.809524,9,131.060869
1.142857,7,131.225663
-0.833333,8,131.411761
1.214286,10,131.612231
-0.761905,11,131.808993
1.309524,14,132.164296
1.190476,9,132.384679
-0.928571,4,132.49595
-0.761905,11,132.706615
1.238095,11,132.924068
1.071429,4,132.996343
1.357143,16,133.354803
-0.809524,9,133.568359
-0.738095,12,133.879874
1.142857,7,134.09076
1.119048,6,134.238395
1.238095,11,134.553406
-0.833333,8,134.77002
1.166667,8,134.949625
1.119048,6,135.098793
1.238095,11,135.385166
1.261905,12,135.690214
1.238095,11,135.970102
1.285714,13,136.32303
1.119048,6,137.948721
1.119048,6,138.123521
1.190476,9,138.369389
1.071429,4,138.469755
1.214286,10,138.74807
-0.833333,8,139.016854
1.166667,8,139.233977
1.071429,4,139.32653
1.142857,7,139.481772
-9.809524,9,139.714605
-0.761905,11,139.952897
1.119048,6,140.08019
1.142857,7,140.191095
-0.857143,7,140.334034
1.238095,11,140.5233
-9.761905,11,140.698151
-0.904762,5,140.790811
1.214286,10,140.964361
1.190476,9,141.169758
1.190476,9,141.373567
-9.642857,16,141.861482
-0.690476,14,142.234237
1.261905,12,142.48136
-0.714286,13,142.851192
-0.619048,17,143.266491
-0.833333,8,143.474296
1.119048,6,143.612066
-9.690476,14,143.922647
1.190476,9,145.431479
1.119048,6,145.557696
1.142857,7,145.751345
-0.761905,11,146.120358
1.238095,11,146.607413
1.166667,8,146.797384
-9.666667,15,147.197508
1.261905,12,147.440718
1.190476,9,147.69474
1.238095,11,148.018279
-9.666667,15,148.35794
1.190476,9,148.591292
1.142857,7,148.774879
-0.761905,11,149.07054
-0.714286,13,149.365868
-9.809524,9,149.596741
-0.833333,8,149.785923
1.190476,9,149.988256
-0.619048,17,150.430209
-0.833333,8,150.670985
-0.904762,5,150.80424
-0.809524,9,151.093763
-0.761905,11,151.503789
1.309524,14,151.929168
-0.857143,7,152.173458
1.309524,14,153.92702
1.214286,10,154.208678
1.261905,12,154.492213
1.095238,5,154.664917
-9.666667,15,155.054278
1.095238,5,155.209219
-9.761905,11,155.482161
-9.761905,11,155.727899
1.238095,11,156.074644
1.214286,10,156.494684
-0.880952,6,156.734156
-9.619048,17,157.234837
1.261905,12,157.574409
-0.857143,7,157.778259
1.238095,11,158.050057
-0.714286,13,158.382655
1.261905,12,158.637459
-9.690476,14,158.991834
1.309524,14,159.337605
1.261905,12,159.594003
1.071429,4,159.720316
1.166667,8,159.922162
1.238095,11,160.156234
1.285714,13,160.448689
-9.666667,15,162.548556
-9.714286,13,162.917785
-0.714286,13,163.320075
-0.761905,11,163.650846
1.214286,10,163.92293
-9.714286,13,164.242438
1.166667,8,164.450985
-9.761905,11,164.711001
-0.738095,12,165.029372
1.238095,11,165.264649
1.166667,8,165.465599
1.142857,7,165.63434
-0.690476,14,166.077831
-0.666667,15,166.374904
1.119048,6,166.479089
1.119048,6,166.585963
-0.761905,11,166.781943
-9.785714,10,166.927254
1.333333,15,167.16321
-0.857143,7,167.269729
1.238095,11,167.446252
-9.714286,13,167.636773
1.095238,5,167.741132
1.166667,8,167.868507
1.166667,8,169.100556
-0.714286,13,169.314
1.142857,7,169.40743
1.380952,17,169.684218
1.166667,8,169.849113
1.214286,10,170.064049
1.214286,10,170.255309
-9.880952,6,170.35015
1.142857,7,170.453205
1.238095,11,170.62995
1.190476,9,170.781653
1.214286,10,170.982723
-9.642857,16,171.257705
1.119048,6,171.346253
-0.833333,8,171.463219
1.238095,11,171.618976
1.166667,8,171.731009
-9.738095,12,171.908747
-9.738095,12,172.085661
1.119048,6,172.187449
-0.904762,5,172.334149
-0.761905,11,172.562775
1.166667,8,172.702522
1.214286,10,172.853302
-0.857143,7,173.008954
1.214286,10,173.189892
-9.642857,16,173.448726
-0.809524,9,174.663522
1.285714,13,174.835596
1.095238,5,174.918872
-9.833333,8,175.029598
1.357143,16,175.29433
1.261905,12,175.496021
-0.809524,9,175.678584
1.142857,7,175.834799
1.190476,9,176.05048
1.285714,13,176.30186
-0.904762,5,176.395213
1.119048,6,176.485946
-0.785714,10,176.637953
1.261905,12,176.803367
1.190476,9,176.9632
-9.738095,12,177.201427
1.142857,7,177.344236
-0.857143,7,177.49074
1.214286,10,177.668218
-9.761905,11,177.822978
1.261905,12,178.017695
-9.714286,13,178.332544
1.095238,5,178.436941
1.238095,11,178.640851
-0.738095,12,178.910598
-0.904762,5,179.041943
1.119048,6,179.178574
-0.761905,11,180.637257
1.190476,9,180.878541
1.309524,14,181.177552
-0.761905,11,181.397662
-0.880952,6,181.52378
1.119048,6,181.640218
-0.857143,7,181.781367
-0.785714,10,181.966305
-9.761905,11,182.139383
1.214286,10,182.307269
1.190476,9,182.456348
-0.785714,10,182.601492
-9.690476,14,182.799516
-0.809524,9,182.935479
1.190476,9,183.101581
1.309524,14,183.331626
1.095238,5,183.421181
-0.690476,14,183.678838
-0.761905,11,183.858319
-9.738095,12,184.038924
1.214286,10,184.188834
1.166667,8,184.304679
1.142857,7,184.424201
1.309524,14,184.694637
-9.761905,11,184.922031
-9.690476,14,186.262012
1.095238,5,186.360235
-0.785714,10,186.528319
1.214286,10,186.687663
-9.690476,14,186.945602
1.285714,13,187.140087
-0.809524,9,187.264325
-0.880952,6,187.379079
1.119048,6,187.472438
-0.904762,5,187.559621
1.095238,5,187.631902
1.214286,10,187.815722
-0.714286,13,188.079583
1.238095,11,188.294863
1.214286,10,188.499472
-0.880952,6,188.594776
-0.904762,5,188.672638
-0.809524,9,188.882081
-0.714286,13,189.106556
-0.809524,9,189.264053
-9.761905,11,189.423106
-9.714286,13,189.609012
1.214286,10,189.743996
1.285714,13,189.91972
1.119048,6,190.035766
-9.666667,15,190.269408
-9.690476,14,191.877475
1.190476,9,192.095695
1.214286,10,192.298328
-9.642857,16,192.632749
1.309524,14,192.96383
-9.642857,16,193.260696
1.190476,9,193.4275
1.214286,10,193.608507
1.166667,8,193.750322
1.071429,4,193.8387
-0.880952,6,193.965251
-0.833333,8,194.164258
-0.809524,9,194.378705
1.190476,9,194.582984
-0.809524,9,194.783403
1.190476,9,194.969884
-9.785714,10,195.175719
1.095238,5,195.265023
-9.714286,13,195.486876
-0.857143,7,195.615335
1.071429,4,195.700749
1.119048,6,195.862642
1.142857,7,196.067655
1.142857,7,196.251558
-0.809524,9,196.453962
-9.690476,14,196.751092
-9.738095,12,197.005537
-0.738095,12,197.263596
1.166667,8,198.675758
1.214286,10,198.894065
1.285714,13,199.178285
-0.809524,9,199.380961
-9.761905,11,199.588453
1.142857,7,199.721648
1.214286,10,199.895667
-0.857143,7,200.037283
-9.666667,15,200.307211
1.238095,11,200.547414
-0.809524,9,200.736244
1.190476,9,200.913624
1.238095,11,201.136769
1.190476,9,201.336293
-0.785714,10,201.618051
1.214286,10,201.847385
1.214286,10,202.112183
1.119048,6,202.237944
1.071429,4,202.335751
1.261905,12,202.534774
-9.738095,12,202.709323
-9.738095,12,202.878203
-9.666667,15,203.142462
-9.595238,18,203.420471
1.142857,7,203.543507
1.309524,14,204.867075
1.095238,5,204.999941
-0.809524,9,205.229254
-0.761905,11,205.462986
1.214286,10,205.660882
1.238095,11,205.899621
-0.809524,9,206.097804
1.214286,10,206.331992
1.071429,4,206.433255
1.142857,7,206.666051
1.071429,4,206.787171
1.142857,7,206.988576
1.190476,9,207.229156
-9.809524,9,207.418156
1.166667,8,207.590674
-9.642857,16,207.958311
1.261905,12,208.27943
1.214286,10,208.537394
1.142857,7,208.758689
-0.690476,14,209.396903
1.214286,10,209.637855
1.261905,12,210.031371
1.095238,5,210.19192
1.238095,11,210.559102
-0.666667,15,210.93507
-9.761905,11,211.219526
-0.785714,10,212.87118
-9.738095,12,213.165944
1.142857,7,213.290815
-0.690476,14,213.729446
1.261905,12,214.013628
1.095238,5,214.115964
-0.738095,12,214.362773
1.214286,10,214.578638
1.285714,13,214.88165
1.190476,9,215.103208
1.238095,11,215.352212
1.119048,6,215.461072
-9.714286,13,215.672829
1.214286,10,215.825119
1.071429,4,215.893111
1.071429,4,215.967885
1.238095,11,216.132255
-0.809524,9,216.283047
1.190476,9,216.419672
1.214286,10,216.588864
1.285714,13,216.821601
-9.666667,15,217.072857
1.214286,10,217.249173
1.238095,11,217.42558
1.214286,10,217.609142
-9.690476,14,217.854124
1.142857,7,219.373511
1.166667,8,219.577859
1.261905,12,219.820065
-0.833333,8,219.985943
1.166667,8,220.158046
1.166667,8,220.313215
1.095238,5,220.412144
1.214286,10,220.582904
-9.690476,14,220.827438
-0.738095,12,221.059551
-0.833333,8,221.184201
1.214286,10,221.32722
-0.880952,6,221.419238
1.095238,5,221.506086
-0.809524,9,221.661546
1.309524,14,221.866001
-9.761905,11,222.053003
-0.738095,12,222.249427
1.214286,10,222.430761
-0.880952,6,222.542204
1.190476,9,222.770071
-9.642857,16,223.093531
-9.809524,9,223.252808
-0.857143,7,223.370768
-0.761905,11,223.577766
1.238095,11,223.789418
-9.738095,12,225.268862
1.261905,12,225.507227
1.261905,12,225.759131
-9.666667,15,226.019565
-0.833333,8,226.157421
-0.833333,8,226.287591
-9.714286,13,226.492246
1.166667,8,226.641375
-9.833333,8,226.77796
1.333333,15,227.006532
-9.738095,12,227.201596
-9.619048,17,227.466629
-0.904762,5,227.567965
1.238095,11,227.720813
1.309524,14,227.946146
1.166667,8,228.087258
1.285714,13,228.287605
1.285714,13,228.48561
-0.833333,8,228.640846
1.214286,10,228.809268
1.261905,12,229.024433
-0.761905,11,229.212165
-0.833333,8,229.338066
1.190476,9,229.487768
1.119048,6,231.1148
1.190476,9,231.319431
-0.809524,9,231.501818
-9.738095,12,231.736183
1.190476,9,231.951457
1.166667,8,232.167567
1.214286,10,232.348313
-0.809524,9,232.535909
-9.738095,12,232.745107
-0.833333,8,232.939404
1.238095,11,233.140055
1.119048,6,233.231925
1.190476,9,233.383302
1.166667,8,233.486851
-9.714286,13,233.678796
1.142857,7,233.82055
1.214286,10,234.080544
-9.690476,14,234.401317
1.095238,5,234.582324
-9.785714,10,234.777241
1.190476,9,234.959459
1.238095,11,235.216214
1.166667,8,235.403939
1.261905,12,235.648931
-9.738095,12,235.857849
1.142857,7,236.012007
1.095238,5,236.108934
1.190476,9,236.262994
1.285714,13,237.615099
-0.785714,10,237.823394
1.190476,9,237.972636
1.166667,8,238.111596
-0.857143,7,238.242539
1.285714,13,238.588085
-9.738095,12,238.854303
1.214286,10,239.079486
1.119048,6,239.190612
-9.785714,10,239.360195
-9.833333,8,239.514583
1.238095,11,239.758196
-0.809524,9,239.967168
1.238095,11,240.253749
-0.785714,10,240.455922
1.190476,9,240.595362
1.238095,11,240.768777
-9.619048,17,241.225961
-9.738095,12,241.486598
1.214286,10,241.712276
-0.833333,8,241.928661
1.238095,11,242.217644
-9.690476,14,242.445763
1.166667,8,242.593569
1.214286,10,242.748558
1.119048,6,244.096895
1.261905,12,244.336694
-9.714286,13,244.591593
1.190476,9,244.769518
-0.809524,9,244.949088
1.142857,7,245.101321
1.095238,5,245.208941
1.190476,9,245.391228
-0.880952,6,245.532566
1.142857,7,245.70266
-0.785714,10,245.975206
1.095238,5,246.231212
1.261905,12,246.607223
1.119048,6,246.824905
1.333333,15,247.18735
-0.761905,11,247.413202
1.142857,7,247.553755
-0.761905,11,247.776255
1.214286,10,247.985747
-9.785714,10,248.185204
1.214286,10,248.391462
1.214286,10,248.610971
1.214286,10,248.883141
1.071429,4,248.998534
1.095238,5,249.148726
1.142857,7,249.319895
1.333333,15,249.67793
1.238095,11,249.895114
1.190476,9,251.290251
-0.904762,5,251.418608
-0.761905,11,251.677488
1.190476,9,251.887869
1.238095,11,252.123306
1.190476,9,252.294641
1.142857,7,252.476542
-0.809524,9,252.688988
1.238095,11,252.894618
1.190476,9,253.043299
-0.738095,12,253.209872
-9.738095,12,253.409905
1.333333,15,253.670047
-9.738095,12,253.880081
1.214286,10,254.048921
-0.738095,12,254.247181
1.214286,10,254.38867
-0.857143,7,254.500459
1.119048,6,254.598663
-0.809524,9,254.728225
-9.809524,9,254.867155
-0.833333,8,254.988375
-0.761905,11,255.149647
1.261905,12,255.326715
1.190476,9,255.447853
1.190476,9,255.628941
1.142857,7,255.76043
-9.690476,14,257.197523
-9.666667,15,257.50216
1.166667,8,257.655601
-0.785714,10,257.825938
1.285714,13,258.023168
1.214286,10,258.190675
1.142857,7,258.313932
1.238095,11,258.489043
1.190476,9,258.6232
-9.666667,15,258.833653
-0.928571,4,258.922824
1.214286,10,259.120999
-0.809524,9,259.279974
1.190476,9,259.401403
1.166667,8,259.527739
-0.785714,10,259.672678
1.261905,12,259.847691
1.404762,18,260.303647
1.190476,9,260.520866
1.142857,7,260.713039
1.261905,12,260.943571
1.190476,9,261.137596
-0.714286,13,261.409691
1.214286,10,261.610964
1.285714,13,263.156362
-9.761905,11,263.408722
-0.785714,10,263.600648
1.214286,10,263.787581
-9.714286,13,264.022526
1.071429,4,264.101037
-0.690476,14,264.339744
-9.666667,15,264.572813
1.142857,7,264.700155
-9.714286,13,264.924884
1.166667,8,265.067903
1.285714,13,265.247768
1.119048,6,265.33306
-9.833333,8,265.437574
-0.928571,4,265.51529
-0.880952,6,265.60812
1.238095,11,265.782945
1.333333,15,266.04729
-9.761905,11,266.218527
-0.761905,11,266.377402
-0.880952,6,266.495027
1.166667,8,266.599747
1.238095,11,266.790156
-0.857143,7,266.956843
1.142857,7,267.122372
1.190476,9,267.305236
-0.833333,8,267.466294
-0.857143,7,268.702847
1.166667,8,268.835935
1.190476,9,269.016519
1.285714,13,269.238519
1.190476,9,269.433016
1.380952,17,269.893217
1.142857,7,270.049795
1.142857,7,270.201576
-9.833333,8,270.386409
-0.857143,7,270.504567
1.285714,13,270.706982
-0.642857,16,271.118533
1.142857,7,271.309471
1.214286,10,271.529779
1.214286,10,271.734282
1.190476,9,271.927114
-9.714286,13,272.1916
-0.833333,8,272.358733
-0.785714,10,272.54676
1.238095,11,272.747223
1.238095,11,272.919606
1.285714,13,273.144531
1.119048,6,273.276018
1.190476,9,273.455011
1.071429,4,273.551227
1.095238,5,273.66507
1.261905,12,273.942485
1.238095,11,275.340799
1.261905,12,275.591987
1.166667,8,275.74016
-9.785714,10,275.916062
1.214286,10,276.07916
-0.833333,8,276.217136
-9.785714,10,276.351465
1.261905,12,276.548212
-0.857143,7,276.668564
-9.690476,14,276.861339
1.142857,7,276.991017
1.190476,9,277.132665
1.285714,13,277.306358
1.214286,10,277.465567
1.142857,7,277.573429
1.214286,10,277.739886
-0.785714,10,277.891301
-0.904762,5,277.974915
1.190476,9,278.100428
1.238095,11,278.259134
1.190476,9,278.440729
1.190476,9,278.558967
-0.595238,18,278.889104
-0.809524,9,279.094361
1.238095,11,279.308314
1.190476,9,280.827506
-0.809524,9,281.063871
1.142857,7,281.199917
1.166667,8,281.365191
1.166667,8,281.520975
1.238095,11,281.722091
-0.880952,6,281.85737
1.261905,12,282.10046
-9.714286,13,282.373252
1.190476,9,282.542424
1.214286,10,282.701437
1.190476,9,282.84887
1.190476,9,282.980335
1.214286,10,283.148835
-0.857143,7,283.283841
-0.761905,11,283.450824
-0.666667,15,283.670605
-9.738095,12,283.834942
1.238095,11,284.014569
1.285714,13,284.21429
1.119048,6,284.299474
-0.904762,5,284.389433
1.404762,18,284.648927
1.261905,12,284.812073
-0.904762,5,284.904006
1.071429,4,284.962066
1.119048,6,285.065636
-0.690476,14,286.423462
1.214286,10,286.653776
1.309524,14,286.899296
-0.880952,6,287.03535
1.261905,12,287.222399
1.261905,12,287.385854
1.190476,9,287.533385
1.166667,8,287.646443
-9.690476,14,287.847349
1.333333,15,288.092637
-9.595238,18,288.359901
1.214286,10,288.499155
1.238095,11,288.659488
1.166667,8,288.772116
1.261905,12,288.94544
1.214286,10,289.122765
-0.738095,12,289.366923
-0.714286,13,289.674784
1.142857,7,289.7974
1.142857,7,289.926913
1.261905,12,290.119741
1.166667,8,290.253341
-0.904762,5,290.356215
-9.738095,12,290.664068
1.166667,8,292.090739
1.261905,12,292.444057
1.309524,14,292.786804
1.238095,11,293.007825
1.190476,9,293.20491
1.238095,11,293.429865
-9.738095,12,293.656983
-9.690476,14,293.91372
1.214286,10,294.108727
1.095238,5,294.225196
-9.666667,15,294.582598
1.071429,4,294.680556
-0.785714,10,294.934507
1.142857,7,295.118729
-0.666667,15,295.416134
1.142857,7,295.593723
1.142857,7,295.74104
1.166667,8,295.929194
1.190476,9,296.118064
1.238095,11,296.327557
-0.738095,12,296.545921
-0.833333,8,296.696804
-0.809524,9,296.827127
-0.809524,9,296.977587
1.190476,9,297.130714
-0.761905,11,297.27827
-0.833333,8,298.497791
1.166667,8,298.685138
1.119048,6,298.812795
-0.785714,10,299.008407
-0.833333,8,299.170654
1.261905,12,299.371284
1.119048,6,299.477915
-9.642857,16,299.761346
-0.833333,8,299.897174
1.214286,10,300.049541
-0.785714,10,300.346913
1.214286,10,300.494309
1.166667,8,300.611491
1.238095,11,300.787859
1.238095,11,300.987563
-0.857143,7,301.141676
1.119048,6,301.23769
1.190476,9,301.376532
1.071429,4,301.451185
1.071429,4,301.519146
1.309524,14,301.737075
1.071429,4,301.813958
1.095238,5,301.919409
-0.857143,7,302.047921
1.333333,15,302.34995
1.142857,7,302.517438
1.190476,9,302.710264
-9.738095,12,302.920766
-9.571429,19,304.518276
1.309524,14,304.780774
1.238095,11,304.990215
1.238095,11,305.212514
1.142857,7,305.354731
1.190476,9,305.525314
1.238095,11,305.69025
1.071429,4,305.771892
1.214286,10,305.965891
1.119048,6,306.090427
-9.738095,12,306.254434
1.166667,8,306.531615
-0.761905,11,306.753402
1.119048,6,306.865616
1.166667,8,307.058384
1.095238,5,307.134938
-0.833333,8,307.284672
1.190476,9,307.454689
-0.833333,8,307.660524
1.238095,11,307.89009
1.119048,6,308.017668
1.261905,12,308.260679
-0.642857,16,308.596012
1.166667,8,308.744701
1.142857,7,308.894943
1.238095,11,309.104736
-9.761905,11,309.300006
-0.904762,5,309.404926
1.142857,7,309.513153
1.190476,9,310.921843
-9.761905,11,311.119356
1.238095,11,311.317272
1.190476,9,311.476369
1.238095,11,311.633321
1.190476,9,311.793589
1.071429,4,311.884106
1.095238,5,312.019902
-0.833333,8,312.164067
-0.833333,8,312.302281
1.214286,10,312.454356
1.142857,7,312.560842
1.071429,4,312.623996
-0.714286,13,312.833892
-0.833333,8,313.017268
1.238095,11,313.23779
1.214286,10,313.455601
-0.833333,8,313.596853
-0.761905,11,313.767778
1.119048,6,313.866221
1.142857,7,313.979156
-0.904762,5,314.066155
1.166667,8,314.183123
1.166667,8,314.315796
1.119048,6,314.457207
1.190476,9,314.624649
1.190476,9,314.806286
1.190476,9,314.982708
1.214286,10,315.151414
-0.761905,11,315.337804
1.166667,8,316.584713
1.214286,10,316.749947
1.095238,5,316.839305
1.142857,7,316.964101
1.238095,11,317.141243
1.095238,5,317.216647
1.261905,12,317.409692
1.166667,8,317.528295
1.119048,6,317.650149
1.190476,9,317.849864
1.238095,11,318.114059
-0.833333,8,318.286047
1.166667,8,318.466138
1.166667,8,318.60744
1.190476,9,318.760036
-0.904762,5,318.859841
1.142857,7,318.990129
1.214286,10,319.141425
1.309524,14,319.329278
1.214286,10,319.491788
1.261905,12,319.669849
-0.785714,10,319.826191
1.166667,8,319.933125
-0.761905,11,320.105296
1.214286,10,320.252071
1.071429,4,320.311801
-0.809524,9,320.452301
1.285714,13,320.630392
1.214286,10,321.773021
-9.833333,8,321.914724
1.190476,9,322.068011
-9.690476,14,322.300129
1.285714,13,322.502923
-9.738095,12,322.710905
1.166667,8,322.881646
1.166667,8,323.054579
-9.761905,11,323.242079
-9.761905,11,323.404803
1.333333,15,323.622428
1.238095,11,323.789654
-0.857143,7,323.898783
1.190476,9,324.044681
1.095238,5,324.132822
1.166667,8,324.256416
-0.857143,7,324.364479
1.261905,12,324.541735
1.071429,4,324.6105
-9.714286,13,324.81772
-0.809524,9,325.017458
-0.928571,4,325.122903
1.190476,9,325.337479
1.119048,6,325.450445
1.261905,12,325.637182
1.142857,7,325.753376
1.309524,14,325.985967
1.166667,8,326.124045
-9.738095,12,327.476777
1.214286,10,327.670511
1.214286,10,327.902022
-0.880952,6,328.049464
1.190476,9,328.225075
1.214286,10,328.357388
1.261905,12,328.530584
1.166667,8,328.651873
1.095238,5,328.745772
1.190476,9,328.927076
1.261905,12,329.165533
1.214286,10,329.360275
-0.738095,12,329.554537
1.238095,11,329.730054
1.214286,10,329.874836
1.119048,6,329.977041
1.166667,8,330.116527
-0.833333,8,330.298072
1.190476,9,330.491432
-9.761905,11,330.699811
1.119048,6,330.93378
-0.833333,8,331.116725
1.190476,9,331.351076
1.142857,7,331.481275
-0.904762,5,331.575473
1.095238,5,331.676097
1.142857,7,331.792681
1.119048,6,331.907255
1.261905,12,332.128342
1.095238,5,333.418925
1.190476,9,333.66809
1.190476,9,333.846766
1.190476,9,334.06861
1.190476,9,334.264474
1.166667,8,334.422518
-0.880952,6,334.547807
1.214286,10,334.792951
1.285714,13,335.07811
1.142857,7,335.222545
1.119048,6,335.352184
1.190476,9,335.486732
1.238095,11,335.685564
-0.857143,7,335.81813
1.238095,11,335.979829
1.119048,6,336.09155
1.261905,12,336.284459
1.166667,8,336.436363
1.285714,13,336.658767
1.119048,6,336.76594
-0.857143,7,336.925782
1.190476,9,337.102337
1.261905,12,337.368484
-0.714286,13,337.664156
1.214286,10,337.824984
-0.833333,8,337.944523
1.095238,5,338.049102
1.238095,11,338.209352
-0.785714,10,338.367991
-0.761905,11,339.558933
1.119048,6,339.657457
1.214286,10,339.821158
-0.809524,9,339.967225
-9.880952,6,340.087286
-0.761905,11,340.260961
1.142857,7,340.401527
-0.904762,5,340.530777
1.142857,7,340.668489
1.166667,8,340.853888
-0.785714,10,341.096234
-9.690476,14,341.327282
-9.738095,12,341.519176
1.261905,12,341.701764
1.190476,9,341.875481
1.190476,9,342.09772
1.095238,5,342.222042
-0.833333,8,342.420813
1.119048,6,342.537215
1.095238,5,342.654622
-0.904762,5,342.742728
-9.714286,13,342.948869
-0.761905,11,343.139949
1.261905,12,343.323677
-9.738095,12,343.505145
1.119048,6,343.614311
-0.785714,10,343.76072
1.190476,9,343.890979
1.238095,11,345.257017
1.238095,11,345.520538
1.190476,9,345.696027
1.190476,9,345.842545
1.071429,4,345.906573
1.166667,8,346.032468
-0.833333,8,346.155259
-0.857143,7,346.286937
1.119048,6,346.394849
1.095238,5,346.500981
-0.857143,7,346.651441
1.142857,7,346.804183
1.166667,8,346.99675
1.142857,7,347.137981
1.238095,11,347.307193
-9.738095,12,347.498526
1.238095,11,347.657218
-9.809524,9,347.78345
-0.785714,10,347.946634
-0.857143,7,348.070317
-9.809524,9,348.206165
1.214286,10,348.356541
1.238095,11,348.514021
1.214286,10,348.646773
-9.857143,7,348.750102
1.095238,5,348.830793
1.285714,13,349.062259
-0.785714,10,349.208415
-9.785714,10,349.349188
1.142857,7,349.453565
1.166667,8,351.049305
1.190476,9,351.263431
1.142857,7,351.396235
-0.714286,13,351.638439
-9.785714,10,351.853393
1.309524,14,352.162799
1.095238,5,352.282576
1.095238,5,352.43432
1.214286,10,352.663787
1.142857,7,352.819813
-9.809524,9,353.015117
1.071429,4,353.097919
1.142857,7,353.210532
-0.785714,10,353.388843
1.238095,11,353.556312
1.166667,8,353.698389
1.261905,12,353.906548
-9.785714,10,354.069456
1.190476,9,354.199271
1.142857,7,354.302796
-9.785714,10,354.449516
-9.809524,9,354.58323
1.190476,9,354.72591
-0.809524,9,354.895835
1.119048,6,355.021468
1.166667,8,355.145179
-9.690476,14,355.334662
1.119048,6,355.42734
-9.666667,15,355.626489
1.166667,8,356.897132
-0.785714,10,357.106842
1.261905,12,357.28181
1.238095,11,357.434539
-9.714286,13,357.608893
1.261905,12,357.789844
1.095238,5,357.864421
-0.833333,8,357.998656
1.166667,8,358.122052
1.142857,7,358.236177
1.214286,10,358.437241
-9.690476,14,358.704684
1.238095,11,358.902316
1.238095,11,359.052536
1.190476,9,359.180254
-0.833333,8,359.303448
1.142857,7,359.419325
1.071429,4,359.492429
1.166667,8,359.617328
1.095238,5,359.698452
-0.714286,13,359.880374
-0.809524,9,360.026241
1.261905,12,360.197338
1.190476,9,360.316791
1.142857,7,360.418696
1.071429,4,360.483836
-9.714286,13,360.660732
-9.738095,12,361.838768
1.166667,8,361.968737
1.142857,7,362.082542
-0.738095,12,362.251596
-9.833333,8,362.363656
1.071429,4,362.436794
1.095238,5,362.505011
1.166667,8,362.638035
-9.833333,8,362.753663
1.214286,10,362.925377
1.190476,9,363.099641
-9.809524,9,363.273803
-9.809524,9,363.446934
1.095238,5,363.533274
-9.809524,9,363.664846
-9.690476,14,363.863444
-0.714286,13,364.074925
-9.738095,12,364.235451
-9.738095,12,364.407826
1.142857,7,364.521623
1.142857,7,364.649159
1.095238,5,364.720129
-9.714286,13,364.892937
-9.809524,9,365.034151
1.214286,10,365.194402
1.119048,6,365.318958
1.238095,11,365.544755
1.214286,10,365.764922
1.190476,9,365.902736
1.214286,10,367.132848
-9.761905,11,367.30127
1.166667,8,367.415467
1.238095,11,367.626004
1.071429,4,367.720986
1.142857,7,367.866565
-0.785714,10,368.071672
1.214286,10,368.233391
-9.809524,9,368.354561
-0.761905,11,368.519009
1.119048,6,368.607973
1.095238,5,368.700251
1.309524,14,368.894604
1.166667,8,369.023949
1.190476,9,369.149867
1.166667,8,369.266478
-9.761905,11,369.406074
1.214286,10,369.53652
1.214286,10,369.695426
1.238095,11,369.840179
1.190476,9,369.969702
1.190476,9,370.166393
-0.833333,8,370.323414
1.166667,8,370.474818
-0.761905,11,370.621676
-9.714286,13,370.799783
1.190476,9,370.932852
-9.690476,14,372.356078
1.214286,10,372.49869
-0.690476,14,372.746564
-0.857143,7,372.903644
-0.761905,11,373.125289
-0.714286,13,373.327476
1.190476,9,373.44882
-0.833333,8,373.571451
1.214286,10,373.715864
1.261905,12,373.896395
1.238095,11,374.060822
-9.761905,11,374.213456
-0.738095,12,374.375931
1.190476,9,374.513035
1.214286,10,374.650285
-0.785714,10,374.796499
1.166667,8,374.925689
-9.666667,15,375.172338
1.190476,9,375.334164
1.119048,6,375.431355
1.119048,6,375.532844
-9.690476,14,375.717657
-0.761905,11,375.868937
1.166667,8,376.028101
1.190476,9,376.209886
1.119048,6,376.32621
1.095238,5,377.541512
-9.642857,16,377.829965
-9.738095,12,378.031104
-9.785714,10,378.223339
1.166667,8,378.347768
-9.690476,14,378.583577
1.214286,10,378.733768
1.142857,7,378.838298
-0.833333,8,378.970029
-0.761905,11,379.169543
1.142857,7,379.278308
-9.761905,11,379.464525
-0.880952,6,379.567387
-0.785714,10,379.764918
1.166667,8,379.936296
1.261905,12,380.178247
-0.880952,6,380.28833
1.285714,13,380.474688
1.238095,11,380.63975
1.166667,8,380.766571
-0.904762,5,380.867802
1.095238,5,380.964453
-0.833333,8,381.110872
1.261905,12,381.340734
1.261905,12,381.581516
1.190476,9,381.72526
-0.904762,5,381.809829
-9.833333,8,381.925871
1.142857,7,383.029607
1.238095,11,383.222843
-0.761905,11,383.439821
-9.666667,15,383.720241
1.142857,7,383.888568
-9.690476,14,384.155118
-0.857143,7,384.275629
1.238095,11,384.545719
1.071429,4,384.650563
-9.738095,12,384.845105
-0.880952,6,384.984078
-0.880952,6,385.096569
1.071429,4,385.171337
-9.738095,12,385.328126
1.071429,4,385.411384
-0.785714,10,385.574149
1.261905,12,385.756232
1.119048,6,385.848839
1.095238,5,385.919322
-0.738095,12,386.116129
1.261905,12,386.29184
1.309524,14,386.513277
1.214286,10,386.670234
-0.809524,9,386.832808
-0.738095,12,387.018863
-9.785714,10,387.162881
1.261905,12,387.344506
1.095238,5,388.642002
1.238095,11,388.85184
1.309524,14,389.112023
1.214286,10,389.278308
1.261905,12,389.486743
1.214286,10,389.671596
1.095238,5,389.785713
1.214286,10,389.929536
1.214286,10,390.106332
1.309524,14,390.315135
1.119048,6,390.427176
1.190476,9,390.593071
1.238095,11,390.745114
1.261905,12,390.925258
1.142857,7,391.032797
1.190476,9,391.162565
-0.761905,11,391.335813
1.214286,10,391.511124
-9.738095,12,391.750861
1.071429,4,391.843822
-9.714286,13,392.119645
-0.857143,7,392.246144
1.119048,6,392.342288
1.285714,13,392.610409
-9.595238,18,392.983232
-0.833333,8,393.126348
1.238095,11,394.522581
1.166667,8,394.675509
-0.809524,9,394.841871
-9.690476,14,395.085131
-0.904762,5,395.193074
1.095238,5,395.299853
1.142857,7,395.435367
1.071429,4,395.519208
1.190476,9,395.680404
1.190476,9,395.821047
1.238095,11,395.994706
-0.761905,11,396.174386
1.214286,10,396.354449
1.238095,11,396.559498
1.214286,10,396.789991
1.261905,12,396.991256
1.190476,9,397.134629
1.071429,4,397.205755
1.119048,6,397.302071
1.095238,5,397.388372
1.214286,10,397.538301
-0.833333,8,397.664071
-0.833333,8,397.790163
1.309524,14,397.9894
-0.904762,5,398.078131
1.190476,9,398.204509
-9.714286,13,398.386622
1.142857,7,398.515845
-0.714286,13,398.745367
1.238095,11,400.146943
1.190476,9,400.352968
1.166667,8,400.515643
-9.714286,13,400.780695
1.071429,4,400.864262
-9.809524,9,401.001894
-0.738095,12,401.189989
1.214286,10,401.33354
1.238095,11,401.492773
1.214286,10,401.636898
1.214286,10,401.783571
1.238095,11,401.943902
1.166667,8,402.060122
1.119048,6,402.144793
-0.738095,12,402.310761
1.142857,7,402.45166
-9.809524,9,402.635951
1.285714,13,402.830007
1.119048,6,402.944845
1.119048,6,403.044719
1.214286,10,403.192707
-0.809524,9,403.327206
1.190476,9,403.453768
1.095238,5,403.527726
1.333333,15,403.734678
-9.738095,12,403.896251
1.238095,11,404.101102
-9.738095,12,405.491496
1.071429,4,405.583903
1.214286,10,405.758202
1.261905,12,405.939308
-0.785714,10,406.090107
1.238095,11,406.248994
1.190476,9,406.366872
-9.714286,13,406.567616
1.119048,6,406.687562
1.261905,12,406.861398
-0.714286,13,407.056206
-0.714286,13,407.23544
-9.761905,11,407.384748
1.214286,10,407.542087
1.238095,11,407.748186
1.095238,5,407.868559
1.119048,6,408.048551
-0.857143,7,408.217619
-9.714286,13,408.421486
-0.857143,7,408.536705
1.214286,10,408.706747
1.285714,13,408.890444
1.119048,6,408.980576
-0.809524,9,409.121052
1.142857,7,409.222485
-9.738095,12,409.385107
-0.857143,7,410.506633
1.095238,5,410.610626
1.166667,8,410.731177
1.190476,9,410.862448
1.214286,10,411.019704
1.142857,7,411.11425
-0.904762,5,411.20323
1.095238,5,411.287414
1.166667,8,411.397264
1.214286,10,411.546991
1.166667,8,411.658006
1.142857,7,411.756348
-0.738095,12,411.921116
1.238095,11,412.092216
1.190476,9,412.244968
-0.904762,5,412.355973
1.261905,12,412.556021
-0.738095,12,412.735256
-9.690476,14,412.948749
1.214286,10,413.102699
-9.690476,14,413.306477
1.119048,6,413.400403
1.166667,8,413.52737
1.142857,7,413.624741
1.095238,5,413.712823
-0.785714,10,413.881179
1.119048,6,413.979094
1.190476,9,414.150349
1.261905,12,414.354828
-9.690476,14,415.69852
1.119048,6,415.844113
-0.785714,10,416.066473
1.214286,10,416.283787
-0.857143,7,416.416095
1.190476,9,416.603819
1.166667,8,416.78222
1.238095,11,417.005785
-0.857143,7,417.184759
1.214286,10,417.396062
1.166667,8,417.556232
-0.785714,10,417.750171
1.214286,10,417.91812
1.095238,5,418.004147
1.190476,9,418.162045
1.142857,7,418.274266
1.119048,6,418.380974
1.142857,7,418.486296
1.166667,8,418.603114
1.142857,7,418.714252
1.190476,9,418.879226
1.238095,11,419.093854
1.119048,6,419.192093
1.142857,7,419.308946
1.119048,6,419.398137
-9.642857,16,419.630953
1.166667,8,419.752671
1.238095,11,419.911339
1.238095,11,420.090103
-0.785714,10,420.245157
1.190476,9,421.525441
-9.761905,11,421.721263
1.190476,9,421.846385
-9.761905,11,421.999808
-9.761905,11,422.156492
-9.666667,15,422.412913
1.214286,10,422.624749
1.119048,6,422.757806
1.261905,12,423.04241
1.166667,8,423.213514
1.214286,10,423.420174
1.238095,11,423.582955
1.190476,9,423.715101
-0.880952,6,423.816071
1.095238,5,423.899493
-9.761905,11,424.064336
-9.880952,6,424.166709
1.190476,9,424.308121
-0.738095,12,424.503007
1.142857,7,424.62029
1.166667,8,424.797562
1.238095,11,425.009212
1.214286,10,425.17499
-9.738095,12,425.35995
1.190476,9,425.500205
1.119048,6,425.595386
-0.809524,9,425.752349
-9.714286,13,426.96787
-0.833333,8,427.126426
1.142857,7,427.259369
-9.738095,12,427.492583
1.166667,8,427.640439
-0.714286,13,427.871735
1.142857,7,427.966704
1.095238,5,428.058414
-9.738095,12,428.22796
1.071429,4,428.292576
1.142857,7,428.400935
1.190476,9,428.533201
1.119048,6,428.620357
1.142857,7,428.723158
-9.761905,11,428.867391
1.095238,5,428.944206
-0.738095,12,429.124969
1.214286,10,429.259928
1.238095,11,429.405362
-0.666667,15,429.64654
-9.785714,10,429.814425
-9.761905,11,429.976189
1.142857,7,430.10933
1.071429,4,430.167531
-0.857143,7,430.282869
-9.690476,14,430.476482
-0.785714,10,430.664225
1.261905,12,430.895632
-0.761905,11,432.364272
1.095238,5,432.460417
1.190476,9,432.630556
1.285714,13,432.871864
1.190476,9,433.035097
1.190476,9,433.201975
-9.714286,13,433.414047
-0.809524,9,433.5603
-0.833333,8,433.698236
1.166667,8,433.821111
1.214286,10,433.984993
-0.809524,9,434.1337
1.214286,10,434.326951
1.238095,11,434.660798
1.190476,9,434.853353
1.214286,10,435.098991
-0.833333,8,435.285031
1.071429,4,435.377066
1.190476,9,435.545549
1.190476,9,435.682193
1.142857,7,435.806592
1.095238,5,435.894088
1.166667,8,436.031129
1.190476,9,436.17514
1.166667,8,436.297307
1.166667,8,436.434752
1.261905,12,436.668808
-0.761905,11,436.945227
-9.642857,16,438.407169
1.214286,10,438.63314
-0.738095,12,438.878462
1.166667,8,439.036993
-9.809524,9,439.217357
1.095238,5,439.329057
-0.857143,7,439.482992
-0.833333,8,439.654721
-9.738095,12,439.833387
1.238095,11,440.027573
1.214286,10,440.187824
1.190476,9,440.344275
1.142857,7,440.452163
-0.928571,4,440.530199
1.142857,7,440.641423
1.238095,11,440.818983
1.119048,6,440.912754
1.214286,10,441.163816
-9.785714,10,441.369028
1.166667,8,441.549189
1.190476,9,441.736057
1.238095,11,441.931108
1.214286,10,442.133095
1.142857,7,442.290196
1.095238,5,442.393424
1.214286,10,442.617934
1.357143,16,442.962718
-9.666667,15,443.19457
1.166667,8,444.425417
1.214286,10,444.606625
1.190476,9,444.74252
-9.738095,12,444.930644
1.166667,8,445.044078
-0.785714,10,445.192748
1.142857,7,445.30412
-0.738095,12,445.479429
1.166667,8,445.598009
1.238095,11,445.75876
1.357143,16,446.044085
1.190476,9,446.163055
-0.785714,10,446.318822
1.261905,12,446.495413
1.095238,5,446.566573
1.285714,13,446.77468
1.142857,7,446.891083
1.119048,6,447.039793
-0.809524,9,447.248048
-0.809524,9,447.471702
1.142857,7,447.621102
1.095238,5,447.713994
1.261905,12,447.883399
1.214286,10,448.049424
1.238095,11,448.221373
1.166667,8,448.351652
1.166667,8,448.470866
1.214286,10,449.615762
1.166667,8,449.743849
1.119048,6,449.831542
1.285714,13,450.00634
-0.738095,12,450.168648
-9.809524,9,450.299051
1.166667,8,450.412862
1.190476,9,450.540291
1.333333,15,450.756044
1.190476,9,450.881102
-0.880952,6,450.988571
1.285714,13,451.175897
1.214286,10,451.3227
1.166667,8,451.44067
-0.785714,10,451.602249
-0.785714,10,451.768486
-0.785714,10,451.966197
1.214286,10,452.158066
1.142857,7,452.297718
-9.714286,13,452.474316
1.214286,10,452.611794
1.071429,4,452.677196
-0.857143,7,452.786728
1.166667,8,452.909003
-0.761905,11,453.101606
-0.785714,10,453.306792
1.166667,8,453.435472
1.261905,12,454.803962
1.214286,10,455.023309
-9.738095,12,455.299333
1.095238,5,455.444974
1.214286,10,455.708888
1.261905,12,455.953043
1.190476,9,456.179462
1.261905,12,456.416446
-0.904762,5,456.535043
-0.761905,11,456.710226
1.190476,9,456.843682
1.071429,4,456.924716
1.142857,7,457.070889
-0.833333,8,457.212213
1.238095,11,457.384994
-0.785714,10,457.580748
1.261905,12,457.788074
1.190476,9,457.922835
1.119048,6,458.00948
-0.833333,8,458.149605
-0.761905,11,458.330232
-0.833333,8,458.461093
1.119048,6,458.568337
1.190476,9,458.792021
1.119048,6,458.900269
1.261905,12,459.151331
1.309524,14,459.437227
-9.785714,10,459.632318
1.166667,8,460.927903
1.119048,6,461.05013
-0.761905,11,461.262072
-9.619048,17,461.581941
-0.809524,9,461.795413
1.285714,13,462.152935
1.238095,11,462.467922
-0.880952,6,462.656579
1.119048,6,462.834633
-9.857143,7,463.055363
1.190476,9,463.320714
1.142857,7,463.543854
-0.809524,9,463.789071
1.190476,9,464.022693
1.142857,7,464.264367
1.261905,12,464.598745
1.142857,7,464.777968
1.142857,7,464.925191
-9.761905,11,465.221768
1.214286,10,465.448421
-0.809524,9,465.673509
-9.738095,12,465.907765
-9.785714,10,466.098595
1.261905,12,466.374974
1.214286,10,466.624953
1.214286,10,466.861577
-0.809524,9,467.09812
1.214286,10,468.904278
1.142857,7,469.129875
1.190476,9,469.369431
-0.761905,11,469.633837
1.142857,7,469.808034
1.119048,6,469.9476
1.071429,4,470.099199
1.119048,6,470.252309
-0.833333,8,470.485343
1.238095,11,470.74682
1.071429,4,470.84867
1.238095,11,471.080576
-9.714286,13,471.458086
1.190476,9,471.747541
1.166667,8,471.936346
1.142857,7,472.196458
1.166667,8,472.41413
1.214286,10,472.667762
1.261905,12,472.984701
1.309524,14,473.349129
1.071429,4,473.487718
1.261905,12,473.761449
1.166667,8,473.95231
1.238095,11,474.218444
1.142857,7,474.415419
-0.809524,9,474.716107
1.095238,5,474.857528
-0.904762,5,475.040941
-9.714286,13,475.455735
-0.785714,10,475.703095
1.214286,10,477.57906
1.142857,7,477.780655
1.214286,10,478.12839
1.190476,9,478.380162
-9.714286,13,478.759775
-0.761905,11,479.120102
1.285714,13,479.438499
1.190476,9,479.706563
1.142857,7,479.964002
-0.809524,9,480.254433
1.166667,8,480.47472
1.285714,13,480.83797
-0.809524,9,481.08927
1.071429,4,481.248434
-0.785714,10,481.598623
-9.761905,11,481.889921
-9.714286,13,482.226756
1.333333,15,482.637571
1.357143,16,483.157174
1.309524,14,483.506951
1.190476,9,483.742364
1.119048,6,483.895839
1.285714,13,484.269696
1.142857,7,484.429852
1.166667,8,484.657925
-0.857143,7,484.870018
1.214286,10,486.528401
1.285714,13,486.895601
1.285714,13,487.202356
-0.738095,12,487.501953
1.261905,12,487.820618
1.119048,6,487.959086
-0.833333,8,488.146833
1.190476,9,488.33764
-0.785714,10,488.528131
-0.761905,11,488.726291
1.238095,11,488.912284
1.095238,5,489.016311
1.190476,9,489.184676
1.190476,9,489.401335
-9.738095,12,489.715354
-9.809524,9,489.891359
1.285714,13,490.154953
1.166667,8,490.296964
1.190476,9,490.459707
1.119048,6,490.566402
1.142857,7,490.690766
1.119048,6,490.806591
1.142857,7,490.931311
1.238095,11,491.138611
1.095238,5,491.240632
1.166667,8,491.382875
1.095238,5,491.516927
-9.833333,8,491.65515
-0.738095,12,493.072856
1.142857,7,493.225199
1.071429,4,493.318527
1.142857,7,493.474421
-0.809524,9,493.643771
-0.904762,5,493.758896
-0.857143,7,493.916537
1.119048,6,494.115519
1.214286,10,494.322715
1.214286,10,494.581594
1.071429,4,494.694038
1.238095,11,494.918447
1.238095,11,495.20797
1.095238,5,495.321531
1.309524,14,495.602126
1.071429,4,495.697789
1.214286,10,495.863646
1.190476,9,496.029871
1.214286,10,496.330952
-0.761905,11,496.611145
1.214286,10,496.827356
1.142857,7,496.966929
1.119048,6,497.115189
1.238095,11,497.348036
1.238095,11,497.551045
1.071429,4,497.641835
1.119048,6,497.744215
-0.833333,8,497.876447
1.142857,7,498.017405
1.142857,7,498.157676
-0.833333,8,498.341758
